City,Cloudiness,Country,Date,Humidity,Lat,Lng,Max Temp,Wind Speed
mar del plata,0,AR,1573486765,45,-46.43,-67.52,18.06,2.71
arandis,0,NA,1573486765,85,-22.42,14.98,17.22,5.36
tiksi,100,RU,1573486766,91,71.64,128.87,-18.45,2.49
hermanus,100,ZA,1573486766,81,-34.42,19.24,21.11,2.68
qaanaaq,0,GL,1573486766,52,77.48,-69.36,-15,2.25
bredasdorp,79,ZA,1573486766,77,-34.53,20.04,21.11,8.2
mahebourg,75,MU,1573486767,78,-20.41,57.7,26,3.6
tuktoyaktuk,90,CA,1573486767,92,69.44,-133.03,-3,10.3
lompoc,90,US,1573486551,100,34.64,-120.46,14.44,1.5
goure,100,NE,1573486514,11,13.98,10.27,35,0.89
norman wells,75,CA,1573486498,84,65.28,-126.83,-15,1
buribay,49,RU,1573486768,82,51.96,58.16,-0.34,2.42
yellowknife,40,CA,1573486509,78,62.45,-114.38,-9.44,1
rikitea,100,PF,1573486768,92,-23.12,-134.97,22.02,11.2
kuche,,,,,,,,
thompson,20,CA,1573486768,67,55.74,-97.86,-32,1.66
borogontsy,100,RU,1573486769,98,62.67,131.17,-26.79,2.21
hay river,20,CA,1573486769,71,60.82,-115.79,-15,3.6
carnarvon,0,ZA,1573486769,10,-30.97,22.13,28.18,9.14
mataura,67,NZ,1573486769,85,-46.19,168.86,5.56,1.79
paka,100,CF,1573486770,54,4.15,15.03,29.21,0.91
vaini,20,IN,1573486770,73,15.34,74.49,23,2.1
terrace,90,CA,1573486770,92,54.52,-128.61,-0.57,6.7
tadine,11,NC,1573486770,76,-21.55,167.88,18.66,3.47
mount gambier,90,AU,1573486514,81,-37.83,140.78,11,6.7
bluff,90,AU,1573486771,71,-23.58,149.07,19.53,3.16
alta floresta,100,BR,1573486771,95,-9.87,-56.08,22.62,1
kiunga,100,PG,1573486771,99,-6.12,141.3,22.72,1.25
half moon bay,90,US,1573486608,100,37.46,-122.43,12.78,2.1
katobu,1,ID,1573486772,83,-4.94,122.53,24.39,1.59
jamestown,8,AU,1573486718,92,-33.21,138.6,12.06,6.22
esperance,90,AU,1573486498,71,-33.86,121.89,12,2.1
salalah,20,OM,1573486772,61,17.01,54.1,27,1.5
bousso,,,,,,,,
butaritari,19,KI,1573486506,74,3.07,172.79,28.29,2.19
bulembu,75,SZ,1573486773,78,-25.95,31.13,22,1
ushuaia,75,AR,1573486773,81,-54.81,-68.31,11,10.8
egvekinot,99,RU,1573486774,92,66.32,-179.17,-6.67,6.35
dondo,40,MZ,1573486774,78,-19.62,34.74,27,7.7
itupiranga,40,BR,1573486774,59,-5.13,-49.33,33,3.1
albany,90,US,1573486774,74,42.65,-73.75,7.22,3.6
rocha,44,UY,1573486646,64,-34.48,-54.34,20.08,5.47
odweyne,,,,,,,,
ponta do sol,1,BR,1573486775,43,-20.63,-46,31.5,1.15
kapaa,90,US,1573486504,88,22.08,-159.32,23,2.6
fort nelson,40,CA,1573486685,76,58.81,-122.69,-21,2.1
ketchikan,90,US,1573486520,87,55.34,-131.65,6,3.6
camapua,100,BR,1573486776,61,-19.53,-54.04,27.06,1.06
punta arenas,40,CL,1573486776,58,-53.16,-70.91,14,9.8
rovaniemi,90,FI,1573486776,92,66.5,25.72,-7,6.7
charters towers,66,AU,1573486776,83,-20.07,146.27,19.36,5.01
thoen,0,TH,1573486777,96,17.61,99.22,21.28,0.75
hobart,75,AU,1573486750,71,-42.88,147.33,13,6.7
belushya guba,,,,,,,,
mattru,56,SL,1573486777,56,7.62,-11.83,32.56,2.38
gat,67,SN,1573486778,20,14.69,-16.54,37,3.6
port elizabeth,1,US,1573486778,58,39.31,-74.98,15.56,2.6
temiscaming,90,CA,1573486778,84,46.72,-79.1,-8.89,4.1
fort saint john,,,,,,,,
ilulissat,40,GL,1573486779,32,69.22,-51.1,4,13.4
tura,98,RU,1573486779,94,64.27,100.22,-27.72,1.77
ribeira grande,20,PT,1573486779,72,38.52,-28.7,20,2.6
la rioja,100,AR,1573486780,55,-29.41,-66.86,22.16,3.1
nokaneng,75,BW,1573486780,28,-19.66,22.19,31.84,2.49
cape town,75,ZA,1573486780,72,-33.93,18.42,22.22,4.6
hasaki,20,JP,1573486780,100,35.73,140.83,10,0.5
irtyshskiy,100,RU,1573486781,93,58.33,68.13,-4.34,6.03
panjab,85,AF,1573486781,21,34.38,67.02,-2.03,2.3
airai,1,TL,1573486781,79,-8.93,125.41,19.28,1.11
fatehpur,100,PK,1573486781,21,31.18,71.21,24.14,2.05
cherskiy,100,RU,1573486782,70,68.75,161.3,-3.09,1.88
calama,100,CL,1573486782,11,-22.46,-68.93,23,2.6
saskylakh,100,RU,1573486782,98,71.97,114.09,-21.59,1.47
bhadrachalam,0,IN,1573486782,85,17.67,80.89,22.48,0.98
bethel,90,US,1573486783,80,60.79,-161.76,4,3.6
saurimo,26,AO,1573486783,81,-9.66,20.4,24.85,2.22
dudinka,75,RU,1573486783,84,69.41,86.18,-13,4
akim swedru,100,GH,1573486783,40,5.89,-1.02,33.78,0.4
hobyo,70,SO,1573486515,65,5.35,48.53,26.48,7.16
codrington,75,AU,1573486784,87,-28.95,153.24,20,0.88
saldanha,100,PT,1573486784,56,41.42,-6.55,13.97,4.74
busselton,0,AU,1573486784,35,-33.64,115.35,14.44,9.22
hendaye,90,FR,1573486784,58,43.37,-1.77,14,6.2
bang saphan,82,TH,1573486785,80,11.21,99.51,25.12,1.98
alihe,0,CN,1573486785,47,50.57,123.73,-11.44,5.05
castro,9,CL,1573486785,72,-42.48,-73.76,18,3.1
souillac,20,FR,1573486785,71,45.6,-0.6,11,4.1
barrow,100,AR,1573486786,38,-38.31,-60.23,25.65,7.68
georgetown,75,GY,1573486497,70,6.8,-58.16,33,5.1
ugoofaaru,16,MV,1573486786,68,5.67,73,28.29,2.42
kaya,58,NG,1573486786,12,13.31,12.68,36.37,5.44
vardo,1,US,1573486787,44,39.62,-77.74,16.11,1.5
port alfred,99,ZA,1573486787,96,-33.59,26.89,17.78,3.58
antanifotsy,78,MG,1573486787,74,-19.66,47.32,19.56,1.49
kodiak,90,US,1573486788,85,39.95,-94.76,-7,11.3
atuona,58,PF,1573486494,71,-9.8,-139.03,26.24,2.99
sao joao da barra,40,BR,1573486788,58,-21.64,-41.05,31,4.1
provideniya,100,RU,1573486788,98,64.42,-173.23,-0.82,5.36
adrar,91,DZ,1573486788,30,27.87,-0.29,21,7.2
talnakh,75,RU,1573486789,84,69.49,88.39,-13,4
puerto cabezas,75,NI,1573486789,83,14.04,-83.39,29,2.1
goderich,100,CA,1573486789,95,43.74,-81.71,-1.67,0.45
warrington,75,GB,1573486789,76,53.39,-2.59,9,12.9
dubti,0,ET,1573486790,36,11.74,41.09,30.77,8.41
plettenberg bay,0,ZA,1573486790,78,-34.05,23.37,20.48,12.13
pevek,79,RU,1573486790,76,69.7,170.27,-10.19,0.95
bandarbeyla,0,SO,1573486790,72,9.49,50.81,26.47,7.24
mastic beach,75,US,1573486791,82,40.77,-72.85,16.67,5.7
ust-nera,100,RU,1573486791,98,64.57,143.24,-22.44,0.81
mustvee,90,EE,1573486791,93,58.85,26.93,3.33,5.1
new norfolk,75,AU,1573486792,71,-42.78,147.06,13,6.7
longyearbyen,90,NO,1573486792,97,78.22,15.63,0,11.3
mergui,,,,,,,,
porbandar,0,IN,1573486792,70,21.64,69.61,27.12,4.09
araouane,0,ML,1573486793,7,18.9,-3.53,29.6,6.35
hithadhoo,28,MV,1573486793,73,-0.6,73.08,28.65,3.92
hilo,1,US,1573486793,68,19.71,-155.08,22,2.6
tasiilaq,80,GL,1573486794,74,65.61,-37.64,3,14.9
victoria,75,BN,1573486794,74,5.28,115.24,29,2.6
faridpur,20,BD,1573486794,83,23.6,89.84,25,0.71
lagoa,40,PT,1573486794,68,37.14,-8.45,21.11,7.2
udachnyy,100,RU,1573486520,74,66.42,112.4,-31,2
kenai,1,US,1573486511,86,60.55,-151.26,2.22,2.6
saint-philippe,90,CA,1573486795,62,45.36,-73.48,-3,3.6
bengkulu,,,,,,,,
lebu,100,ET,1573486795,57,8.96,38.73,16.03,3.92
vanavara,71,RU,1573486796,96,60.35,102.28,-27.16,2.17
bow island,5,CA,1573486796,83,49.87,-111.38,-17.22,2.1
chuy,59,UY,1573486796,64,-33.69,-53.46,20.42,5.65
varnsdorf,40,CZ,1573486797,86,50.91,14.62,3.33,7.2
yuzhno-yeniseyskiy,,,,,,,,
beyla,31,GN,1573486797,46,8.69,-8.65,30.53,2.21
brownfield,90,US,1573486797,64,33.18,-102.27,2,13.4
chokurdakh,51,RU,1573486798,96,70.62,147.9,-20.01,0.5
puerto ayora,75,EC,1573486798,64,-0.74,-90.35,24,3.6
nueva loja,90,EC,1573486798,100,0.08,-76.88,23,2.6
aklavik,90,CA,1573486798,92,68.22,-135.01,-9,1.5
avarua,38,CK,1573486799,94,-21.21,-159.78,21,1
tsihombe,,,,,,,,
dumai,93,ID,1573486799,93,1.68,101.45,23.97,0.61
muisne,90,EC,1573486799,78,0.61,-80.02,27,4.1
eregli,21,TR,1573486799,40,37.51,34.05,15.6,1.19
taolanaro,,,,,,,,
fukue,40,JP,1573486800,63,35.03,136.69,18,8.2
port-cartier,75,CA,1573486800,62,50.03,-66.88,-5.57,3.1
rio gallegos,40,AR,1573486800,58,-51.62,-69.22,14,7.7
avera,1,US,1573486801,71,33.19,-82.53,16.11,2.32
castanos,75,MX,1573486801,59,26.78,-101.42,23.89,2.19
bambous virieux,75,MU,1573486802,78,-20.34,57.76,26,3.6
sentyabrskiy,,,,,,,,
nikolskoye,75,RU,1573486802,93,59.7,30.79,4.44,2
tilichiki,100,RU,1573486803,95,60.47,166.1,-3.63,1.47
deggendorf,34,DE,1573486803,86,48.83,12.96,2.78,0.34
kruisfontein,87,ZA,1573486803,75,-34,24.73,19.79,10.42
itatiaia,87,BR,1573486803,85,-22.5,-44.56,24.23,1.94
nizhneyansk,,,,,,,,
mandalgovi,100,MN,1573486804,67,45.76,106.27,-3.01,3.61
kyaikkami,0,MM,1573486804,66,16.08,97.57,28.68,2.08
juan aldama,90,MX,1573486804,73,24.94,-107.82,26.67,2.1
salinopolis,49,BR,1573486805,79,-0.61,-47.36,27.62,7.61
road town,40,VG,1573486805,62,18.42,-64.62,31,4.6
dongzhen,0,CN,1573486805,75,43.33,129.73,-1.36,1.33
waipawa,100,NZ,1573486805,85,-39.94,176.59,9.44,1.11
cidreira,7,BR,1573486805,79,-30.17,-50.22,21.03,8.85
havre-saint-pierre,90,CA,1573486806,52,50.23,-63.6,-7,4.6
daru,100,PG,1573486806,81,-9.07,143.21,24.06,3.09
illoqqortoormiut,,,,,,,,
bubaque,100,GW,1573486806,50,11.28,-15.83,28.64,2.67
port hardy,90,CA,1573486806,93,50.7,-127.42,9,9.3
lewistown,90,US,1573486807,79,40.39,-90.15,-2,6.2
okato,100,NZ,1573486807,69,-39.19,173.88,9.44,4.47
pastavy,98,BY,1573486807,79,55.11,26.84,5.39,3.95
hamilton,90,CA,1573486521,92,43.26,-79.87,0,6.2
fevralsk,,,,,,,,
saint george,75,GR,1573486510,59,39.45,22.34,18,0.75
turbat,12,PK,1573486808,20,26,63.05,23.2,10.71
beboto,53,TD,1573486809,24,8.27,16.94,34.5,1.39
vila franca do campo,20,PT,1573486809,64,37.72,-25.43,21,3.1
saint anthony,1,US,1573486809,67,43.97,-111.68,-3.89,3.1
palauig,98,PH,1573486809,85,15.44,119.9,23.99,0.79
hunza,,,,,,,,
sao filipe,74,CV,1573486810,71,14.9,-24.5,25.05,7.54
tobol,90,SE,1573486810,100,59.83,12.54,1,2.24
gombong,2,ID,1573486810,78,-7.19,109.31,25.78,2.7
olovyannaya,0,RU,1573486811,46,50.94,115.59,-10.91,3.32
vestmannaeyjar,90,IS,1573486811,65,63.44,-20.27,1,1.5
riyadh,67,SA,1573486811,49,24.63,46.72,22,2.1
tumannyy,,,,,,,,
vitim,99,RU,1573486812,97,59.44,112.57,-21.19,2.01
takoradi,100,GH,1573486812,74,4.89,-1.75,28.48,5.75
khatanga,100,RU,1573486812,97,71.98,102.47,-16.79,2.06
sitka,100,US,1573486812,64,37.17,-99.65,-6.67,8.49
flinders,0,AU,1573486813,45,-34.58,150.85,20.56,2.68
grand river south east,,,,,,,,
diffa,58,NE,1573486813,12,13.32,12.61,36.37,5.44
buin,40,CL,1573486813,43,-33.73,-70.74,25.56,3.1
listvyanka,20,RU,1573486814,66,51.86,104.86,-12,6
teya,75,MX,1573486814,78,21.05,-89.07,30,3.1
lakes entrance,100,AU,1573486814,37,-37.88,147.99,22.78,8.09
roald,0,NO,1573486814,62,62.58,6.12,-3,1.5
nabire,100,ID,1573486814,77,-3.36,135.5,22.4,0.9
kavieng,100,PG,1573486815,74,-2.57,150.8,28.21,4.95
antofagasta,100,CL,1573486815,59,-23.65,-70.4,19,5.1
aykhal,78,RU,1573486815,74,65.95,111.51,-31,2
barentsburg,,,,,,,,
lebowakgomo,39,ZA,1573486816,36,-24.3,29.54,26,5.7
pangnirtung,90,CA,1573486816,68,66.15,-65.72,-4,2.7
bonito,99,BR,1573486816,40,-1.36,-47.3,34.99,3.75
naze,73,NG,1573486816,62,5.43,7.07,30.91,2.08
severo-kurilsk,65,RU,1573486817,86,50.68,156.12,-1.57,2.29
ajjampur,55,IN,1573486817,72,13.73,76.01,21.17,1.75
narsaq,75,GL,1573486525,90,60.91,-46.05,0,6.2
east london,90,ZA,1573486817,100,-33.02,27.91,18,7.2
westport,40,US,1573486750,58,41.14,-73.36,16.11,2.1
caravelas,0,BR,1573486818,45,-17.73,-39.27,32.78,4.77
lephepe,,,,,,,,
siderno,75,IT,1573486818,59,38.28,16.3,20,3.6
nanortalik,98,GL,1573486819,70,60.14,-45.24,-0.46,9.02
genhe,0,CN,1573486819,74,50.78,121.52,-15.08,3.68
kem,100,UG,1573486819,37,2.68,33.77,29.42,4.57
klaksvik,100,FO,1573486820,69,62.23,-6.59,3,4.1
northam,0,AU,1573486820,30,-31.65,116.67,22,9.8
port lincoln,2,AU,1573486820,75,-34.72,135.86,11.53,7.94
tommot,100,RU,1573486820,97,58.97,126.27,-19.38,2.87
kahului,1,US,1573486821,73,20.89,-156.47,22.22,3.1
oranjemund,0,ZA,1573486821,54,-28.55,16.43,20.58,6.71
esik,90,KZ,1573486821,80,43.36,77.47,1,3
mendota,1,US,1573486821,63,36.75,-120.38,9.44,1.5
kaitangata,67,NZ,1573486821,76,-46.28,169.85,5,1.79
padang,100,ID,1573486822,96,-0.92,100.36,20.39,0.35
zonguldak,65,TR,1573486822,45,41.25,31.83,14.8,0.8
togur,13,RU,1573486822,85,58.36,82.83,-15.13,1.74
college,90,US,1573486822,73,64.86,-147.8,-6,0.88
matamoros,75,US,1573486823,69,25.87,-97.51,27,7.2
tuatapere,1,NZ,1573486823,85,-46.13,167.69,5.56,1.79
luderitz,6,NA,1573486533,56,-26.65,15.16,23,6.2
ancud,15,CL,1573486823,72,-41.87,-73.83,18,3.1
hualmay,90,PE,1573486824,59,-11.1,-77.61,22.81,3.85
oros,51,HU,1573486824,81,47.95,21.8,9,1
faanui,0,PF,1573486824,83,-16.48,-151.75,25.87,6.93
ormara,0,PK,1573486824,54,25.21,64.64,26.02,3.01
arraial do cabo,75,BR,1573486825,83,-22.97,-42.02,26,4.6
oregon,90,US,1573486589,92,42.01,-89.33,-6,7.7
la ronge,20,CA,1573486825,83,55.1,-105.3,-20,3.1
dikson,89,RU,1573486825,96,73.51,80.55,-14.32,2.94
nikolayevka,34,RU,1573486825,61,46.73,38.57,13.68,1.49
pacific grove,40,US,1573486826,87,36.62,-121.92,11.11,5.74
katsuura,40,JP,1573486826,55,33.93,134.5,17,5.1
upernavik,99,GL,1573486826,63,72.79,-56.15,-4.77,1.67
nsoko,83,ZA,1573486826,69,-27.07,31.93,25.8,3.32
ndioum,25,SN,1573486827,10,16.51,-14.65,37.41,4.04
komsomolskiy,93,RU,1573486827,96,67.55,63.78,-17.51,2.14
yuksekova,0,TR,1573486827,64,37.57,44.29,4,5.1
fairbanks,90,US,1573486588,73,64.84,-147.72,-6.67,0.69
tezu,21,IN,1573486828,89,27.93,96.16,18.8,1.01
georgiyevka,12,RU,1573486828,85,52.25,40.45,6.25,4.97
yulara,49,AU,1573486828,20,-25.24,130.99,30,7.7
merauke,78,ID,1573486828,88,-8.49,140.4,24.59,2.89
puerto colombia,40,CO,1573486829,74,10.99,-74.96,30,3.1
general roca,75,AR,1573486829,77,-39.03,-67.58,16,2.26
beringovskiy,100,RU,1573486829,97,63.05,179.32,0.96,9.4
khor,31,RU,1573486829,83,47.88,134.96,-2.39,4.84
rehoboth,33,NA,1573486830,13,-23.31,17.08,29.06,9.88
nzerekore,34,GN,1573486830,47,7.76,-8.82,31.58,1.68
grimari,,,,,,,,
zhumadian,98,CN,1573486830,31,33.01,114.02,17.91,2.3
berbera,,,,,,,,
halalo,,,,,,,,
ekhabi,100,RU,1573486831,83,53.51,142.97,0.08,3.68
isla vista,90,US,1573486831,100,34.41,-119.86,14.44,1.78
kaeo,0,NZ,1573486831,100,-35.1,173.78,9.44,7.16
ksenyevka,,,,,,,,
zhigansk,58,RU,1573486832,88,66.77,123.37,-30.15,3.41
kalanwali,62,IN,1573486832,26,29.83,74.98,20.25,0.68
coquimbo,90,CL,1573486832,87,-29.95,-71.34,23.89,3.6
gigmoto,100,PH,1573486833,74,13.78,124.39,27.47,8.37
nisia floresta,40,BR,1573486833,48,-6.09,-35.21,31,7.2
itumbiara,0,BR,1573486543,42,-18.41,-49.22,31.71,0.28
kamenka,5,MD,1573486833,75,48.03,28.7,10.56,2.1
lasa,0,CY,1573486833,57,34.92,32.53,25,2.6
hegang,0,CN,1573486834,64,47.34,130.28,-2.7,3.77
srednekolymsk,100,RU,1573486834,91,67.46,153.71,-18.15,2.02
wanaka,80,NZ,1573486834,93,-44.7,169.14,-2.25,1.94
wanning,75,AT,1573486835,93,48.64,13.53,2.78,5.1
shirdi,8,IN,1573486835,59,19.77,74.48,24.46,1.69
moose factory,1,CA,1573486835,71,51.26,-80.61,-15,4.6
buala,100,SB,1573486835,82,-8.15,159.59,25.96,1.4
attawapiskat,,,,,,,,
kodinar,0,IN,1573486836,71,20.79,70.7,25.16,1.87
pisco,40,PE,1573486836,30,-13.71,-76.2,22,3.1
shimoda,0,JP,1573486836,82,34.7,138.93,12.22,0.45
dembi dolo,76,ET,1573486837,87,8.53,34.8,21.46,0.85
selenice,31,AL,1573486837,57,40.53,19.64,17.93,2.62
ahipara,0,NZ,1573486837,100,-35.17,173.16,9.44,8.69
tecoanapa,20,MX,1573486837,79,16.99,-99.26,29,0.77
marsh harbour,0,BS,1573486838,68,26.54,-77.06,25.16,7.12
porto velho,40,BR,1573486838,88,-8.75,-63.87,26,4.1
vao,100,EE,1573486838,87,59.1,26.19,3.37,2.47
utete,0,TZ,1573486838,73,-7.99,38.76,26.85,3.07
columbus,1,US,1573486669,47,32.46,-84.99,16.11,1.5
garden city,1,US,1573486642,100,43.62,-116.24,3.89,1.5
muros,40,ES,1573486839,76,42.77,-9.06,17.22,4.6
mys shmidta,,,,,,,,
gamba,0,CN,1573486839,55,28.28,88.52,-1.35,1.12
amderma,,,,,,,,
yumen,100,CN,1573486840,36,40.29,97.04,3.58,7.76
brae,40,GB,1573486840,80,60.4,-1.35,5,8.2
hambantota,90,LK,1573486840,100,6.12,81.12,26,1
vytegra,100,RU,1573486840,98,61.01,36.45,3.9,2.83
calabozo,63,VE,1573486841,68,8.92,-67.43,29.24,3.93
cabo san lucas,75,MX,1573486841,57,22.89,-109.91,25,3.6
kovdor,99,RU,1573486841,97,67.56,30.47,-13.29,1.79
dingle,100,PH,1573486842,95,11,122.67,23.39,2.29
havelock,75,US,1573486842,45,34.88,-76.9,17.78,2.1
masjed-e soleyman,,,,,,,,
leningradskiy,100,RU,1573486842,95,69.38,178.42,-4.59,1.8
sangmelima,100,CM,1573486843,91,2.93,11.98,24.21,2.02
clyde river,90,CA,1573486843,92,70.47,-68.59,-11,12.9
puranpur,0,IN,1573486843,38,28.51,80.15,19.2,2.61
laguna,75,BZ,1573486843,94,16.17,-88.94,26,1.85
sola,98,TZ,1573486844,47,-3.17,33.8,26.04,3.15
santiago de cuba,40,CU,1573486844,65,20.03,-75.83,28,3.6
flores da cunha,99,BR,1573486844,63,-29.03,-51.18,23.33,2.68
fare,1,PF,1573486845,83,-16.7,-151.02,25.72,6.81
long xuyen,75,VN,1573486845,88,10.39,105.43,25,1.5
shache,0,CN,1573486845,14,38.42,77.24,7.73,3.4
almeirim,0,BR,1573486846,45,-1.53,-52.58,34.15,2.7
dunedin,93,NZ,1573486846,65,-45.87,170.5,8.33,9.83
palana,100,RU,1573486846,91,59.08,159.95,-2.78,2.01
strezhevoy,100,RU,1573486846,84,60.73,77.6,-15,5
vila,75,IT,1573486847,93,45.18,8.4,9.44,0.5
luena,88,AO,1573486847,74,-11.78,19.91,23.02,2.48
finschhafen,100,PG,1573486847,78,-6.6,147.85,25.25,5.46
carutapera,67,BR,1573486847,77,-1.2,-46.02,27.56,7.33
iguguno,65,TZ,1573486848,33,-4.57,34.63,28.27,6.05
acapulco,20,MX,1573486160,79,16.86,-99.88,29,0.16
kilmallock,40,IE,1573486848,81,52.4,-8.57,7,4.6
azimur,,,,,,,,
rawson,33,AR,1573486848,73,-43.3,-65.11,15.16,8.53
vega de alatorre,9,MX,1573486849,80,20.03,-96.65,24.85,1.72
igrim,100,RU,1573486849,95,63.19,64.42,-8.15,2.7
roma,75,IT,1573486801,93,41.89,12.48,14,1.5
humaita,90,AR,1573486849,60,-24.93,-65.37,27,4.1
gazanjyk,0,TM,1573486850,25,39.24,55.52,11.14,6.78
bilma,87,NE,1573486850,8,18.69,12.92,33.8,5.97
praia da vitoria,20,PT,1573486850,64,38.73,-27.07,22,1.76
langfang,100,CN,1573486850,81,39.51,116.7,13.33,2.88
maunabo,1,PR,1573486851,62,18.01,-65.9,31.11,4.1
atasu,60,KZ,1573486851,28,48.68,71.64,-2.75,2.19
leua,96,AO,1573486851,86,-11.65,20.45,21.85,2.81
puerto escondido,20,MX,1573486851,74,15.86,-97.07,27,2.6
namatanai,100,PG,1573486852,76,-3.66,152.44,27.37,4.23
auki,100,NG,1573486852,19,12.18,6.51,34.96,0.64
haines junction,88,CA,1573486852,71,60.75,-137.51,-14.46,1.84
yar-sale,100,RU,1573486852,95,66.83,70.83,-15.07,5.62
iqaluit,75,CA,1573486821,78,63.75,-68.52,-12,9.8
vilhena,100,BR,1573486853,93,-12.74,-60.15,23.55,1.08
isangel,3,VU,1573486853,76,-19.55,169.27,21.31,5.8
port blair,70,IN,1573486619,72,11.67,92.75,27.93,2.83
lasem,75,ID,1573486853,77,-6.99,112.52,26.43,2.07
marawi,100,PH,1573486685,88,8,124.29,25,1.34
margate,75,AU,1573486854,71,-43.03,147.26,13,6.7
qaqortoq,75,GL,1573486854,68,60.72,-46.03,0,6.2
dolgorukovo,0,RU,1573486854,84,52.32,38.35,6.81,5.59
tarauaca,100,BR,1573486855,89,-8.16,-70.77,24.39,0.59
pangkalanbuun,100,ID,1573486855,82,-2.68,111.62,25.18,1.43
san pedro,88,AR,1573486855,58,-33.68,-59.66,22.78,0.89
nantucket,1,US,1573486855,67,41.28,-70.1,14.44,4.6
labuhan,24,ID,1573486856,93,-2.54,115.51,23.28,0.96
samarai,100,PG,1573486856,87,-10.62,150.67,22.41,2.24
pueblo bello,40,CO,1573486856,74,8.2,-76.53,29,5.1
zheleznodorozhnyy,75,RU,1573486856,81,55.75,38,8.89,6
lac du bonnet,77,CA,1573486857,86,50.25,-96.06,-15,1.34
umzimvubu,,,,,,,,
mezen,0,RU,1573486857,92,65.85,44.24,-12.75,3.61
poum,92,MK,1573486857,66,41.28,20.71,11,1.5
okha,100,RU,1573486858,83,53.59,142.95,0.08,3.68
havoysund,0,NO,1573486858,79,71,24.66,-5,2.6
san policarpo,100,PH,1573486858,83,12.18,125.51,26.39,5.04
samusu,,,,,,,,
cheremukhovo,87,RU,1573486859,92,56.23,46.23,1.75,3.4
atar,0,MR,1573486859,9,20.52,-13.05,30.2,6.93
pareora,100,NZ,1573486859,96,-44.49,171.21,7.78,0.66
dolbeau,,,,,,,,
imola,75,IT,1573486860,93,44.35,11.71,12.22,2.1
dourbali,65,TD,1573486860,10,11.81,15.86,36.81,2.63
worland,1,US,1573486860,91,44.02,-107.96,-11.67,2.38
guerrero negro,8,MX,1573486860,88,27.97,-114.04,17.56,2.42
coahuayana,97,MX,1573486860,90,18.62,-100.35,21.96,0.63
saldus,77,LV,1573486861,80,56.67,22.49,4.91,2.56
ambilobe,99,MG,1573486861,78,-13.19,49.05,26.5,1.67
veraval,48,FR,1573486861,75,49.65,0.71,8.33,4.1
sabzevar,0,IR,1573486862,20,36.21,57.68,12,5.1
srimushnam,44,IN,1573486862,80,11.4,79.42,25.04,2.45
dunmore east,40,IE,1573486862,81,52.15,-6.99,8.33,5.1
abu kamal,53,SY,1573486862,23,34.45,40.92,21.52,2.47
tigil,96,RU,1573486863,97,57.8,158.67,-1.94,1.95
las matas de farfan,30,DO,1573486863,66,18.87,-71.52,26.31,1.39
bonthe,47,SL,1573486863,67,7.53,-12.5,29.85,4.44
astipalaia,,,,,,,,
chimore,100,BO,1573486864,54,-16.98,-65.13,29.02,1.78
lavrentiya,99,RU,1573486864,89,65.58,-170.99,-1.66,7.21
kargasok,90,RU,1573486864,79,59.06,80.87,-14.42,3.32
bathsheba,40,BB,1573486864,66,13.22,-59.52,31,8.7
lae,100,PG,1573486865,96,-6.72,146.98,17.02,0.63
kavaratti,2,IN,1573486865,75,10.57,72.64,27.58,2.38
gogrial,,,,,,,,
arman,91,RU,1573486865,62,59.7,150.17,-5.33,2.87
anadyr,75,RU,1573486866,86,64.73,177.51,1,4
marzuq,0,YE,1573486866,26,14.4,46.47,25.11,4.81
urumqi,,,,,,,,
north bend,1,US,1573486867,100,43.41,-124.22,12.22,2.6
tromso,0,NO,1573486867,92,69.65,18.96,-11,9.3
louisbourg,,,,,,,,
garmsar,0,IR,1573486868,19,35.22,52.34,15.28,1.56
balykshi,,,,,,,,
teocuitatlan de corona,20,MX,1573486868,72,20.09,-103.38,20.56,0.31
salta,90,AR,1573486661,60,-24.79,-65.41,27,4.1
grand gaube,75,MU,1573486869,78,-20.01,57.66,26,3.6
la arena,69,PE,1573486869,59,-5.35,-80.71,24.31,2.01
johnstown,90,US,1573486869,66,40.33,-78.92,12.22,1.5
solnechnyy,100,RU,1573486870,97,50.72,136.64,-3,0.43
sarakhs,0,TM,1573486870,32,36.54,61.16,12,2.1
sur,100,OM,1573486870,40,22.57,59.53,25.22,6.17
khani,69,GE,1573486871,66,41.96,42.96,13,1
aquiraz,20,BR,1573486871,55,-3.9,-38.39,31,8.2
makat,0,KZ,1573486871,56,47.65,53.35,6.77,6.48
hami,100,CN,1573486872,29,42.84,93.51,5.06,3.19
launceston,90,AU,1573486838,81,-41.43,147.14,12.78,2.1
bolungarvik,,,,,,,,
nguiu,,,,,,,,
nola,98,CF,1573486873,83,3.52,16.05,26.3,1.38
birao,0,CF,1573486873,20,10.3,22.78,31.97,3.07
banda aceh,100,ID,1573486873,91,5.56,95.32,23.71,0.92
kabarnet,75,KE,1573486873,64,0.5,35.74,20,2.6
sinop,4,TR,1573486874,61,42.03,35.15,17.37,1.27
belyy yar,40,RU,1573486874,71,53.6,91.39,-14,3
huilong,100,CN,1573486874,76,31.15,106.5,16.31,1.49
bilibino,100,RU,1573486874,76,68.06,166.44,-4.04,1.7
hals,75,AT,1573486875,93,48.59,13.46,2.78,5.1
singkang,75,MY,1573486875,83,2.1,102.8,27,0.28
karachi,0,PK,1573486875,57,24.87,67.03,24,3.83
wum,38,CM,1573486876,82,6.39,10.08,24.06,1.08
constitucion,75,MX,1573486876,66,23.99,-104.67,18.33,1
ojinaga,40,US,1573486876,77,29.56,-104.41,20,0.37
puerto del rosario,20,ES,1573486877,60,28.5,-13.86,24,13.4
mecca,0,SA,1573486877,57,21.43,39.83,28.3,3.17
artesianon,75,GR,1573486877,59,39.4,21.89,18,1
bulgan,100,MN,1573486877,92,48.81,103.53,-14.32,5.68
tabiauea,,,,,,,,
morada nova,37,BR,1573486878,24,-5.1,-38.37,37.4,3.38
lukulu,78,ZM,1573486878,44,-14.38,23.24,29.28,3.57
cayenne,54,GF,1573486613,55,4.94,-52.33,32,4.6
chokwe,,,,,,,,
moerai,0,PF,1573486879,76,-22.43,-151.33,22.61,7.69
gibsons,90,CA,1573486879,93,49.4,-123.51,7.78,2.2
kismayo,,,,,,,,
dwarka,20,IN,1573486880,49,28.58,77.04,21,2.35
itapetinga,16,BR,1573486880,37,-15.25,-40.25,32.97,2.88
nyurba,100,RU,1573486880,93,63.29,118.35,-24.16,2.09
bokspits,,,,,,,,
anar darreh,,,,,,,,
gorontalo,21,ID,1573486881,93,0.54,123.06,23.91,1.64
amapa,40,HN,1573486881,78,15.09,-87.97,27,0.88
astaneh-ye ashrafiyeh,0,IR,1573486881,93,37.26,49.94,13,4.38
pilar,75,AR,1573486753,64,-34.46,-58.91,23.89,5.1
den helder,75,NL,1573486744,93,52.96,4.76,7.22,7.7
zurrieq,75,MT,1573486882,77,35.83,14.47,19,12.9
guarapari,11,BR,1573486882,55,-20.67,-40.5,32,7.7
jiddah,,,,,,,,
gidam,18,IN,1573486883,80,18.98,81.4,20.53,2
ostrovnoy,87,RU,1573486883,84,68.05,39.51,-6.48,2.95
mehamn,0,NO,1573486883,83,71.03,27.85,-5.4,3.13
barstow,90,US,1573486884,62,31.46,-103.39,13,10.3
harper,90,US,1573486884,88,30.3,-99.24,18.89,2.6
sire,62,ET,1573486884,30,8.28,39.49,23.87,5.96
torbay,90,CA,1573486884,75,47.66,-52.73,6.67,7.7
vaitupu,,,,,,,,
uchaly,91,RU,1573486885,83,54.32,59.38,-2.54,1.85
kurilsk,100,RU,1573486885,88,45.23,147.88,7,8.39
zima,49,RU,1573486885,71,53.93,102.05,-13.66,3.68
copainala,40,MX,1573486886,78,17.08,-93.2,23,1.5
tashtagol,100,RU,1573486886,95,52.76,87.85,-13.15,0.43
karakendzha,,,,,,,,
houston,90,US,1573486641,77,29.76,-95.37,22.22,3.31
taltal,100,CL,1573486887,64,-25.41,-70.49,18.25,3.25
nichinan,0,JP,1573486887,76,31.65,131.31,12.78,3.58
opuwo,93,NA,1573486887,46,-18.06,13.84,25.67,4.32
kieta,100,PG,1573486887,78,-6.22,155.63,26.27,3.77
great yarmouth,20,GB,1573486888,81,52.61,1.73,7.78,6.2
port shepstone,100,ZA,1573486888,96,-30.74,30.45,18.17,5.41
qesarya,0,IL,1573486888,20,32.52,34.9,28.89,2.6
statesville,1,US,1573486888,62,35.78,-80.89,16.11,3.6
maniitsoq,100,GL,1573486889,65,65.42,-52.9,2.16,6.59
athens,20,GR,1573486820,73,37.98,23.73,21.11,2.31
geraldton,75,CA,1573486889,64,49.72,-86.95,-18,5.1
smithers,90,CA,1573486889,67,54.78,-127.17,-5,5.1
rundu,93,NA,1573486890,53,-17.91,19.77,24,2.1
azoyu,0,MX,1573486890,71,16.72,-98.73,28.36,1.21
longonjo,100,AO,1573486890,80,-12.91,15.25,20.24,3.3
andenes,,,,,,,,
kardla,90,EE,1573486890,93,58.44,26.57,3.33,5.1
griffith,0,AU,1573486891,30,-34.29,146.06,18.89,0.45
verkhnyaya inta,81,RU,1573486891,91,65.99,60.32,-13.5,2.06
sao felix do xingu,31,BR,1573486891,52,-6.64,-51.99,33.98,1.21
la poza,75,MX,1573486891,60,29.19,-110.62,23.89,0.87
mocambique,,,,,,,,
navoi,75,IT,1573486892,100,46.17,11.83,10,3.1
polunochnoye,100,RU,1573486892,97,60.87,60.43,2.25,2.73
adeje,99,NG,1573486892,73,5.68,5.76,29.4,2.52
thinadhoo,59,MV,1573486893,71,0.53,72.93,28.66,3.09
moree,0,AU,1573486893,24,-29.46,149.84,15,2.6
loa janan,38,ID,1573486893,98,-0.58,117.09,23.5,0.72
belaya gora,93,RU,1573486894,96,68.54,146.19,-20.84,0.37
namibe,0,AO,1573486894,80,-15.19,12.15,23.8,4.52
sechura,73,PE,1573486894,90,-5.56,-80.82,18.35,2.93
iki-burul,90,RU,1573486894,100,45.82,44.65,6,1
ozgon,,,,,,,,
anapskaya,75,RU,1573486895,93,44.9,37.38,15,2
lloydminster,5,CA,1573486668,83,53.28,-110.01,-21,4.6
alta gracia,40,AR,1573486895,47,-31.66,-64.43,28.89,7.2
nelson,56,CA,1573486896,78,49.49,-117.29,-4.84,0.83
huarmey,80,PE,1573486896,52,-10.07,-78.15,24.91,3.54
mora,100,PT,1573486896,83,38.94,-8.17,17.22,6.05
eureka,90,US,1573486896,93,40.8,-124.16,8.33,2.1
tsiroanomandidy,69,MG,1573486897,36,-18.77,46.05,30.25,2.18
haradok,90,BY,1573486897,93,55.46,29.99,6,7
katsina,100,NG,1573486897,16,12.99,7.6,35.18,0.34
oussouye,97,SN,1573486898,62,12.49,-16.54,33,3.1
hauterive,1,CA,1573486898,62,49.18,-68.27,-3.89,5.7
kupang,20,ID,1573486898,83,-10.16,123.6,26,2.1
faya,75,SA,1573486899,72,18.39,42.45,19,2.1
paradwip,,,,,,,,
olafsvik,,,,,,,,
vostok,98,RU,1573486899,95,46.45,135.83,-1.89,3.79
sorland,40,NO,1573486900,69,67.67,12.69,1,11.3
prieska,0,ZA,1573486900,11,-29.67,22.74,31.92,9.83
benguela,83,AO,1573486900,81,-12.58,13.4,26.98,3.65
diapaga,100,BF,1573486900,15,12.07,1.79,37.42,2.39
xining,27,CN,1573486900,55,36.62,101.77,1.83,4.22
pudozh,100,RU,1573486901,98,61.81,36.54,2.74,2.63
dongli,0,CN,1573486901,77,24.18,117.61,18,3
soyo,58,AO,1573486901,75,-6.13,12.37,28.37,4.64
kasempa,80,ZM,1573486901,31,-13.46,25.83,30.99,1.62
mana,100,NG,1573486902,13,13.03,5.27,36.75,0.73
izhma,62,RU,1573486902,96,65.01,53.91,-11.23,2.18
pachino,40,IT,1573486690,87,36.72,15.09,12,6.7
shubarkuduk,10,KZ,1573486903,89,49.15,56.49,1.81,4.68
hinton,33,CA,1573486903,79,53.4,-117.57,-13.04,4
magadan,48,RU,1573486904,63,59.56,150.8,-6.32,4.86
kensington,90,CA,1573486904,74,46.44,-63.64,2,4.1
vermillion,1,US,1573486861,66,42.78,-96.93,-8.89,10.3
marica,90,BR,1573486810,100,-22.92,-42.82,25,7.7
ocho rios,20,JM,1573486905,58,18.41,-77.1,31,2.1
eydhafushi,19,MV,1573486905,67,5.1,73.07,28.45,2.41
mazeikiai,77,LT,1573486905,80,56.32,22.33,4.91,2.56
hofn,90,IS,1573486905,75,64.25,-15.21,5,12.9
nioki,100,CD,1573486905,94,-2.72,17.69,23.95,0.78
usevya,,,,,,,,
port hedland,0,AU,1573486906,78,-20.31,118.58,25,3.6
spokane,1,US,1573486906,86,47.66,-117.42,0,1.5
shingu,0,JP,1573486906,66,33.72,135.99,16.75,7.65
kununurra,0,AU,1573486907,47,-15.77,128.74,27,0.5
vila velha,20,BR,1573486907,55,-3.71,-38.6,31,8.2
raga,,,,,,,,
bairiki,,,,,,,,
halden,90,SE,1573486907,92,59.12,11.39,-1.11,3.1
sakakah,,,,,,,,
kudahuvadhoo,2,MV,1573486908,69,2.67,72.89,28.25,1.1
cacapava do sul,98,BR,1573486908,73,-30.51,-53.49,21.55,5.25
nara,75,JP,1573486908,63,34.68,135.8,17,7.7
williams lake,75,CA,1573486909,92,52.13,-122.14,-6,2.1
dodge city,90,US,1573486881,67,37.75,-100.02,-5.57,13.9
lufilufi,30,WS,1573486909,94,-13.87,-171.6,22.78,1.79
wanxian,100,CN,1573486909,62,30.8,108.39,15.18,1.03
walvis bay,0,NA,1573486910,85,-22.95,14.51,17.22,5.36
pustoshka,100,RU,1573486910,88,56.34,29.37,5.3,4.67
antalaha,83,MG,1573486910,75,-14.9,50.28,25.83,7.81
hrusovany nad jevisovkou,90,CZ,1573486910,87,48.83,16.4,8,4.6
camacha,75,PT,1573486911,64,33.08,-16.33,21,7.7
ahuimanu,1,US,1573486911,88,21.44,-157.84,23,1.34
manzanillo,40,MX,1573486911,79,19.05,-104.32,30,2.6
barra patuca,98,HN,1573486911,80,15.8,-84.28,27,5.32
machico,40,PT,1573486912,64,32.7,-16.77,21.11,4.6
ovalle,33,CL,1573486912,45,-30.6,-71.2,22.12,3.62
gra liyia,20,GR,1573486912,78,35.02,25.68,23,2.32
rio do sul,100,BR,1573486912,1,-27.22,-49.64,22.78,1.65
colares,75,PT,1573486913,82,38.8,-9.45,19,7.2
zyryanka,100,RU,1573486913,96,65.73,150.89,-18.29,4.7
ivankiv,100,UA,1573486913,76,50.93,29.9,10,4
vanimo,87,PG,1573486914,76,-2.67,141.3,26.86,4.94
akyab,,,,,,,,
okandja,,,,,,,,
itaituba,20,BR,1573486914,63,-4.26,-55.99,33,4.1
xuanhua,100,CN,1573486915,49,40.61,115.04,6.14,2.54
bandar,40,BD,1573486915,94,22.29,91.78,25,1.5
van,0,TR,1573486915,60,38.51,43.37,5,2.1
anton lizardo,5,MX,1573486915,83,19.05,-95.98,26,0.33
dalhousie,1,CA,1573486916,53,48.06,-66.37,-4,3.6
rungata,,,,,,,,
port macquarie,90,AU,1573486916,87,-31.43,152.91,15,1
whitehorse,90,CA,1573486638,84,60.72,-135.06,-14,1
nioro,100,GM,1573486917,11,13.79,-15.05,39.79,4.48
kabare,75,RW,1573486917,73,-1.65,29.38,22,5.1
vaitape,0,PF,1573486917,83,-16.52,-151.75,25.87,6.93
logrono,75,ES,1573486918,76,42.47,-2.45,10,5.7
mugur-aksy,100,RU,1573486918,99,50.38,90.44,-25.43,1.75
mount isa,3,AU,1573486918,13,-20.73,139.49,21,2.1
chimbote,47,PE,1573486918,60,-9.08,-78.59,23.29,3.76
berlevag,5,NO,1573486919,79,70.86,29.09,-5,4.1
yenagoa,77,NG,1573486919,79,4.92,6.26,28.4,3.36
leshukonskoye,14,RU,1573486919,94,64.9,45.76,-10.07,2.64
baghdad,0,IQ,1573486816,35,33.3,44.38,21,1
saint-louis,60,SN,1573486919,16,16.03,-16.5,38,3.1
himora,,,,,,,,
fort-shevchenko,42,KZ,1573486920,61,44.51,50.26,11.93,8.7
banmo,,,,,,,,
alice springs,0,AU,1573486921,8,-23.7,133.88,24,3.1
nador,40,MA,1573486896,77,35.17,-2.93,17,12.3
miri,89,NG,1573486921,21,10.31,9.75,34.83,3
dogondoutchi,100,NE,1573486921,14,13.64,4.03,37.05,2.71
nuuk,75,GL,1573486521,56,64.17,-51.74,5,10.3
amga,100,RU,1573486922,93,60.89,131.98,-23.46,2.33
